--
-- PostgreSQL database dump
--

-- Dumped from database version 16.5
-- Dumped by pg_dump version 16.5

SET statement_timeout = 0;
SET lock_timeout = 0;
SET idle_in_transaction_session_timeout = 0;
SET client_encoding = 'UTF8';
SET standard_conforming_strings = on;
SELECT pg_catalog.set_config('search_path', '', false);
SET check_function_bodies = false;
SET xmloption = content;
SET client_min_messages = warning;
SET row_security = off;

SET default_tablespace = '';

SET default_table_access_method = heap;

--
-- Name: auth_group; Type: TABLE; Schema: public; Owner: postgres
--

CREATE TABLE public.auth_group (
    id integer NOT NULL,
    name character varying(150) NOT NULL
);


ALTER TABLE public.auth_group OWNER TO postgres;

--
-- Name: auth_group_id_seq; Type: SEQUENCE; Schema: public; Owner: postgres
--

ALTER TABLE public.auth_group ALTER COLUMN id ADD GENERATED BY DEFAULT AS IDENTITY (
    SEQUENCE NAME public.auth_group_id_seq
    START WITH 1
    INCREMENT BY 1
    NO MINVALUE
    NO MAXVALUE
    CACHE 1
);


--
-- Name: auth_group_permissions; Type: TABLE; Schema: public; Owner: postgres
--

CREATE TABLE public.auth_group_permissions (
    id bigint NOT NULL,
    group_id integer NOT NULL,
    permission_id integer NOT NULL
);


ALTER TABLE public.auth_group_permissions OWNER TO postgres;

--
-- Name: auth_group_permissions_id_seq; Type: SEQUENCE; Schema: public; Owner: postgres
--

ALTER TABLE public.auth_group_permissions ALTER COLUMN id ADD GENERATED BY DEFAULT AS IDENTITY (
    SEQUENCE NAME public.auth_group_permissions_id_seq
    START WITH 1
    INCREMENT BY 1
    NO MINVALUE
    NO MAXVALUE
    CACHE 1
);


--
-- Name: auth_permission; Type: TABLE; Schema: public; Owner: postgres
--

CREATE TABLE public.auth_permission (
    id integer NOT NULL,
    name character varying(255) NOT NULL,
    content_type_id integer NOT NULL,
    codename character varying(100) NOT NULL
);


ALTER TABLE public.auth_permission OWNER TO postgres;

--
-- Name: auth_permission_id_seq; Type: SEQUENCE; Schema: public; Owner: postgres
--

ALTER TABLE public.auth_permission ALTER COLUMN id ADD GENERATED BY DEFAULT AS IDENTITY (
    SEQUENCE NAME public.auth_permission_id_seq
    START WITH 1
    INCREMENT BY 1
    NO MINVALUE
    NO MAXVALUE
    CACHE 1
);


--
-- Name: auth_user; Type: TABLE; Schema: public; Owner: postgres
--

CREATE TABLE public.auth_user (
    id integer NOT NULL,
    password character varying(128) NOT NULL,
    last_login timestamp with time zone,
    is_superuser boolean NOT NULL,
    username character varying(150) NOT NULL,
    first_name character varying(150) NOT NULL,
    last_name character varying(150) NOT NULL,
    email character varying(254) NOT NULL,
    is_staff boolean NOT NULL,
    is_active boolean NOT NULL,
    date_joined timestamp with time zone NOT NULL
);


ALTER TABLE public.auth_user OWNER TO postgres;

--
-- Name: auth_user_groups; Type: TABLE; Schema: public; Owner: postgres
--

CREATE TABLE public.auth_user_groups (
    id bigint NOT NULL,
    user_id integer NOT NULL,
    group_id integer NOT NULL
);


ALTER TABLE public.auth_user_groups OWNER TO postgres;

--
-- Name: auth_user_groups_id_seq; Type: SEQUENCE; Schema: public; Owner: postgres
--

ALTER TABLE public.auth_user_groups ALTER COLUMN id ADD GENERATED BY DEFAULT AS IDENTITY (
    SEQUENCE NAME public.auth_user_groups_id_seq
    START WITH 1
    INCREMENT BY 1
    NO MINVALUE
    NO MAXVALUE
    CACHE 1
);


--
-- Name: auth_user_id_seq; Type: SEQUENCE; Schema: public; Owner: postgres
--

ALTER TABLE public.auth_user ALTER COLUMN id ADD GENERATED BY DEFAULT AS IDENTITY (
    SEQUENCE NAME public.auth_user_id_seq
    START WITH 1
    INCREMENT BY 1
    NO MINVALUE
    NO MAXVALUE
    CACHE 1
);


--
-- Name: auth_user_user_permissions; Type: TABLE; Schema: public; Owner: postgres
--

CREATE TABLE public.auth_user_user_permissions (
    id bigint NOT NULL,
    user_id integer NOT NULL,
    permission_id integer NOT NULL
);


ALTER TABLE public.auth_user_user_permissions OWNER TO postgres;

--
-- Name: auth_user_user_permissions_id_seq; Type: SEQUENCE; Schema: public; Owner: postgres
--

ALTER TABLE public.auth_user_user_permissions ALTER COLUMN id ADD GENERATED BY DEFAULT AS IDENTITY (
    SEQUENCE NAME public.auth_user_user_permissions_id_seq
    START WITH 1
    INCREMENT BY 1
    NO MINVALUE
    NO MAXVALUE
    CACHE 1
);


--
-- Name: django_admin_log; Type: TABLE; Schema: public; Owner: postgres
--

CREATE TABLE public.django_admin_log (
    id integer NOT NULL,
    action_time timestamp with time zone NOT NULL,
    object_id text,
    object_repr character varying(200) NOT NULL,
    action_flag smallint NOT NULL,
    change_message text NOT NULL,
    content_type_id integer,
    user_id integer NOT NULL,
    CONSTRAINT django_admin_log_action_flag_check CHECK ((action_flag >= 0))
);


ALTER TABLE public.django_admin_log OWNER TO postgres;

--
-- Name: django_admin_log_id_seq; Type: SEQUENCE; Schema: public; Owner: postgres
--

ALTER TABLE public.django_admin_log ALTER COLUMN id ADD GENERATED BY DEFAULT AS IDENTITY (
    SEQUENCE NAME public.django_admin_log_id_seq
    START WITH 1
    INCREMENT BY 1
    NO MINVALUE
    NO MAXVALUE
    CACHE 1
);


--
-- Name: django_content_type; Type: TABLE; Schema: public; Owner: postgres
--

CREATE TABLE public.django_content_type (
    id integer NOT NULL,
    app_label character varying(100) NOT NULL,
    model character varying(100) NOT NULL
);


ALTER TABLE public.django_content_type OWNER TO postgres;

--
-- Name: django_content_type_id_seq; Type: SEQUENCE; Schema: public; Owner: postgres
--

ALTER TABLE public.django_content_type ALTER COLUMN id ADD GENERATED BY DEFAULT AS IDENTITY (
    SEQUENCE NAME public.django_content_type_id_seq
    START WITH 1
    INCREMENT BY 1
    NO MINVALUE
    NO MAXVALUE
    CACHE 1
);


--
-- Name: django_migrations; Type: TABLE; Schema: public; Owner: postgres
--

CREATE TABLE public.django_migrations (
    id bigint NOT NULL,
    app character varying(255) NOT NULL,
    name character varying(255) NOT NULL,
    applied timestamp with time zone NOT NULL
);


ALTER TABLE public.django_migrations OWNER TO postgres;

--
-- Name: django_migrations_id_seq; Type: SEQUENCE; Schema: public; Owner: postgres
--

ALTER TABLE public.django_migrations ALTER COLUMN id ADD GENERATED BY DEFAULT AS IDENTITY (
    SEQUENCE NAME public.django_migrations_id_seq
    START WITH 1
    INCREMENT BY 1
    NO MINVALUE
    NO MAXVALUE
    CACHE 1
);


--
-- Name: django_session; Type: TABLE; Schema: public; Owner: postgres
--

CREATE TABLE public.django_session (
    session_key character varying(40) NOT NULL,
    session_data text NOT NULL,
    expire_date timestamp with time zone NOT NULL
);


ALTER TABLE public.django_session OWNER TO postgres;

--
-- Name: qa_form_aspect; Type: TABLE; Schema: public; Owner: postgres
--

CREATE TABLE public.qa_form_aspect (
    id bigint NOT NULL,
    aspect_name character varying(100) NOT NULL,
    aspect_text text NOT NULL,
    sentiment character varying(10) NOT NULL,
    comment_id bigint NOT NULL
);


ALTER TABLE public.qa_form_aspect OWNER TO postgres;

--
-- Name: qa_form_aspect_id_seq; Type: SEQUENCE; Schema: public; Owner: postgres
--

ALTER TABLE public.qa_form_aspect ALTER COLUMN id ADD GENERATED BY DEFAULT AS IDENTITY (
    SEQUENCE NAME public.qa_form_aspect_id_seq
    START WITH 1
    INCREMENT BY 1
    NO MINVALUE
    NO MAXVALUE
    CACHE 1
);


--
-- Name: qa_form_comment; Type: TABLE; Schema: public; Owner: postgres
--

CREATE TABLE public.qa_form_comment (
    id bigint NOT NULL,
    text text NOT NULL,
    general_sentiment character varying(10) NOT NULL,
    created_at timestamp with time zone NOT NULL,
    post_id bigint NOT NULL
);


ALTER TABLE public.qa_form_comment OWNER TO postgres;

--
-- Name: qa_form_comment_id_seq; Type: SEQUENCE; Schema: public; Owner: postgres
--

ALTER TABLE public.qa_form_comment ALTER COLUMN id ADD GENERATED BY DEFAULT AS IDENTITY (
    SEQUENCE NAME public.qa_form_comment_id_seq
    START WITH 1
    INCREMENT BY 1
    NO MINVALUE
    NO MAXVALUE
    CACHE 1
);


--
-- Name: qa_form_post; Type: TABLE; Schema: public; Owner: postgres
--

CREATE TABLE public.qa_form_post (
    id bigint NOT NULL,
    caption text NOT NULL,
    created_at timestamp with time zone NOT NULL,
    source_id bigint NOT NULL,
    user_id integer NOT NULL
);


ALTER TABLE public.qa_form_post OWNER TO postgres;

--
-- Name: qa_form_post_id_seq; Type: SEQUENCE; Schema: public; Owner: postgres
--

ALTER TABLE public.qa_form_post ALTER COLUMN id ADD GENERATED BY DEFAULT AS IDENTITY (
    SEQUENCE NAME public.qa_form_post_id_seq
    START WITH 1
    INCREMENT BY 1
    NO MINVALUE
    NO MAXVALUE
    CACHE 1
);


--
-- Name: qa_form_source; Type: TABLE; Schema: public; Owner: postgres
--

CREATE TABLE public.qa_form_source (
    id bigint NOT NULL,
    name character varying(100) NOT NULL,
    created_at timestamp with time zone NOT NULL,
    last_used timestamp with time zone NOT NULL,
    usage_count integer NOT NULL
);


ALTER TABLE public.qa_form_source OWNER TO postgres;

--
-- Name: qa_form_source_id_seq; Type: SEQUENCE; Schema: public; Owner: postgres
--

ALTER TABLE public.qa_form_source ALTER COLUMN id ADD GENERATED BY DEFAULT AS IDENTITY (
    SEQUENCE NAME public.qa_form_source_id_seq
    START WITH 1
    INCREMENT BY 1
    NO MINVALUE
    NO MAXVALUE
    CACHE 1
);


--
-- Data for Name: auth_group; Type: TABLE DATA; Schema: public; Owner: postgres
--

COPY public.auth_group (id, name) FROM stdin;
\.


--
-- Data for Name: auth_group_permissions; Type: TABLE DATA; Schema: public; Owner: postgres
--

COPY public.auth_group_permissions (id, group_id, permission_id) FROM stdin;
\.


--
-- Data for Name: auth_permission; Type: TABLE DATA; Schema: public; Owner: postgres
--

COPY public.auth_permission (id, name, content_type_id, codename) FROM stdin;
1	Can add log entry	1	add_logentry
2	Can change log entry	1	change_logentry
3	Can delete log entry	1	delete_logentry
4	Can view log entry	1	view_logentry
5	Can add permission	2	add_permission
6	Can change permission	2	change_permission
7	Can delete permission	2	delete_permission
8	Can view permission	2	view_permission
9	Can add group	3	add_group
10	Can change group	3	change_group
11	Can delete group	3	delete_group
12	Can view group	3	view_group
13	Can add user	4	add_user
14	Can change user	4	change_user
15	Can delete user	4	delete_user
16	Can view user	4	view_user
17	Can add content type	5	add_contenttype
18	Can change content type	5	change_contenttype
19	Can delete content type	5	delete_contenttype
20	Can view content type	5	view_contenttype
21	Can add session	6	add_session
22	Can change session	6	change_session
23	Can delete session	6	delete_session
24	Can view session	6	view_session
25	Can add source	7	add_source
26	Can change source	7	change_source
27	Can delete source	7	delete_source
28	Can view source	7	view_source
29	Can add post	8	add_post
30	Can change post	8	change_post
31	Can delete post	8	delete_post
32	Can view post	8	view_post
33	Can add comment	9	add_comment
34	Can change comment	9	change_comment
35	Can delete comment	9	delete_comment
36	Can view comment	9	view_comment
37	Can add aspect	10	add_aspect
38	Can change aspect	10	change_aspect
39	Can delete aspect	10	delete_aspect
40	Can view aspect	10	view_aspect
\.


--
-- Data for Name: auth_user; Type: TABLE DATA; Schema: public; Owner: postgres
--

COPY public.auth_user (id, password, last_login, is_superuser, username, first_name, last_name, email, is_staff, is_active, date_joined) FROM stdin;
1	pbkdf2_sha256$600000$2V3jkpaGY7mIrm8xmaJdYX$mJ8F7WAQp4c93UJbN5lCrWShd7BAh9QxUYPp1V0O8ds=	2024-11-18 06:22:59.369037+00	t	admin			admin@gmail.com	t	t	2024-11-17 21:26:53.139812+00
2	pbkdf2_sha256$600000$MUhioCOOM0lhNAfZCA7ixG$hwXjYpPx+12DRpKwn0zPJkZ5mcAjUEO5remyHet/6dU=	\N	f	henry			henry@gmail.com	f	t	2024-11-18 06:30:14.610858+00
3	pbkdf2_sha256$600000$fGu4B55qcNlV3qQPmOVaZG$gpGMUK+o/mktTnZznO3/TGUtWzkawZXJl5coHSL9aXI=	\N	f	mjahidi			mjahidi@gmail.com	f	t	2024-11-18 06:32:16.09033+00
4	pbkdf2_sha256$600000$wDe4Lxc0zWSCRwqmjN42vu$i/MUQzvJRwVTHXMq1ARP9i20HlZFlquk+7P7jRV64KM=	\N	f	user1			user1@gmail.com	f	t	2024-11-18 06:32:57.688643+00
5	pbkdf2_sha256$600000$MglvmMzUkbqDAeJhH9vAoA$nGTOH6BwXIJEAbMEDwcOf9AAGVSwa1EHLkesKtXMb20=	\N	f	user2			user2@gmail.com	f	t	2024-11-18 06:33:44.375591+00
6	pbkdf2_sha256$600000$Pt4wWEyAZkzP5pI7QMpLH5$Lr8BqQGF1yx3Bqy318YaMCcgYlVdyhid6RXMB8bAlKs=	\N	f	shela			shela@gmail.com	f	t	2024-11-18 07:39:21.62557+00
\.


--
-- Data for Name: auth_user_groups; Type: TABLE DATA; Schema: public; Owner: postgres
--

COPY public.auth_user_groups (id, user_id, group_id) FROM stdin;
\.


--
-- Data for Name: auth_user_user_permissions; Type: TABLE DATA; Schema: public; Owner: postgres
--

COPY public.auth_user_user_permissions (id, user_id, permission_id) FROM stdin;
\.


--
-- Data for Name: django_admin_log; Type: TABLE DATA; Schema: public; Owner: postgres
--

COPY public.django_admin_log (id, action_time, object_id, object_repr, action_flag, change_message, content_type_id, user_id) FROM stdin;
\.


--
-- Data for Name: django_content_type; Type: TABLE DATA; Schema: public; Owner: postgres
--

COPY public.django_content_type (id, app_label, model) FROM stdin;
1	admin	logentry
2	auth	permission
3	auth	group
4	auth	user
5	contenttypes	contenttype
6	sessions	session
7	qa_form	source
8	qa_form	post
9	qa_form	comment
10	qa_form	aspect
\.


--
-- Data for Name: django_migrations; Type: TABLE DATA; Schema: public; Owner: postgres
--

COPY public.django_migrations (id, app, name, applied) FROM stdin;
1	contenttypes	0001_initial	2024-11-17 21:26:19.347414+00
2	auth	0001_initial	2024-11-17 21:26:19.581775+00
3	admin	0001_initial	2024-11-17 21:26:19.650009+00
4	admin	0002_logentry_remove_auto_add	2024-11-17 21:26:19.686526+00
5	admin	0003_logentry_add_action_flag_choices	2024-11-17 21:26:19.733938+00
6	contenttypes	0002_remove_content_type_name	2024-11-17 21:26:19.773261+00
7	auth	0002_alter_permission_name_max_length	2024-11-17 21:26:19.80128+00
8	auth	0003_alter_user_email_max_length	2024-11-17 21:26:19.82093+00
9	auth	0004_alter_user_username_opts	2024-11-17 21:26:19.839538+00
10	auth	0005_alter_user_last_login_null	2024-11-17 21:26:19.852904+00
11	auth	0006_require_contenttypes_0002	2024-11-17 21:26:19.858292+00
12	auth	0007_alter_validators_add_error_messages	2024-11-17 21:26:19.875803+00
13	auth	0008_alter_user_username_max_length	2024-11-17 21:26:19.904195+00
14	auth	0009_alter_user_last_name_max_length	2024-11-17 21:26:19.928984+00
15	auth	0010_alter_group_name_max_length	2024-11-17 21:26:19.951517+00
16	auth	0011_update_proxy_permissions	2024-11-17 21:26:19.964509+00
17	auth	0012_alter_user_first_name_max_length	2024-11-17 21:26:19.983617+00
18	qa_form	0001_initial	2024-11-17 21:26:20.185414+00
19	sessions	0001_initial	2024-11-17 21:26:20.231872+00
\.


--
-- Data for Name: django_session; Type: TABLE DATA; Schema: public; Owner: postgres
--

COPY public.django_session (session_key, session_data, expire_date) FROM stdin;
eeljr6jpjdbyp7dijutwurfdoxsq3utd	.eJxVjDsOAiEUAO9CbQg8_pb2noE8HiirBpJltzLe3ZBsoe3MZN4s4r7VuI-yxiWzM5Ps9MsS0rO0KfID271z6m1bl8Rnwg87-LXn8roc7d-g4qhzq8GCJOGUzo5MuqGSgUKRSVk0BoQWzhctgAKSA4Elh-A92EApewD2-QK9wjcK:1tCmo8:l8wk5nWHZuZC1YW-2tjgb9NTjh6ZvFMVjaiUdahMSPM	2024-12-01 21:27:48.000378+00
d4jmls618daqirdv0fbacndyp5nldia9	.eJxVjDsOAiEUAO9CbQg8_pb2noE8HiirBpJltzLe3ZBsoe3MZN4s4r7VuI-yxiWzM5Ps9MsS0rO0KfID271z6m1bl8Rnwg87-LXn8roc7d-g4qhzq8GCJOGUzo5MuqGSgUKRSVk0BoQWzhctgAKSA4Elh-A92EApewD2-QK9wjcK:1tCmoK:51kVKVhKrFVsLtXhRz7F2zk6SrtUnep0OmPTBbL3DBU	2024-12-01 21:28:00.201347+00
e5pd5mjxgd88u0445c3sczbmof9gacds	.eJxVjDsOAiEUAO9CbQg8_pb2noE8HiirBpJltzLe3ZBsoe3MZN4s4r7VuI-yxiWzM5Ps9MsS0rO0KfID271z6m1bl8Rnwg87-LXn8roc7d-g4qhzq8GCJOGUzo5MuqGSgUKRSVk0BoQWzhctgAKSA4Elh-A92EApewD2-QK9wjcK:1tCvA3:PVd23BJzUh-5YNgt6cwwI0xV6Dylw5KYIcpmfmWRsy8	2024-12-02 06:22:59.399534+00
\.


--
-- Data for Name: qa_form_aspect; Type: TABLE DATA; Schema: public; Owner: postgres
--

COPY public.qa_form_aspect (id, aspect_name, aspect_text, sentiment, comment_id) FROM stdin;
1	dvsd		neutral	1
2	mtandao		negative	2
3	Eneo anapopatikana		neutral	3
4	Furaha		positive	4
5	Salamu		positive	5
6	Eneo waliopo		neutral	6
7	Sehemu alipo		neutral	7
8	Fundi bomba		neutral	8
9	Vifaa vya ofisini		neutral	8
10	Watoto		positive	9
11	Pesa		positive	9
12	Samaki		positive	9
13	Kula		neutral	10
14	Samaki		positive	10
15	Kumaliza		positive	10
16	Kusumbuliwa		positive	11
17	Nafasi ya kukaa		negative	11
18	Kununua		neutral	11
19	Vibanda		neutral	11
20	Coco Beach		neutral	12
21	Mishikaki		neutral	12
22	Panya		neutral	12
23	Jina la mtu		positive	13
24	Customer care		positive	13
25	Mteja		positive	13
26	Pesa		positive	13
27	Mshahara		positive	13
28	Kutodanganya		positive	14
29	Wahudumu wa kike		negative	14
30	Customer care		negative	15
31	Samaki wa dodoma		positive	16
32	Njia		neutral	17
33	Matapeli		negative	17
34	Samaki		positive	18
35	Mihogo		positive	18
36	Mishikaki		neutral	18
37	Wanaovuta wateja		negative	19
38	Samaki		neutral	19
39	Kukosea mlango		neutral	20
40	Muhudumu mdada		positive	20
41	Samaki		positive	21
42	Kukosea njia		neutral	21
43	Wahudumu		positive	21
44	Madalali		negative	22
45	Sehemu sio		negative	22
46	tatizo la maji masaki		negative	23
47	tatizo la maji korogwe na bucha		negative	24
48	uduma mbaya za maji		negative	25
49	kukosekana kwa maji		negative	26
50	usambazaji wa maji		neutral	27
51	tatizo la maji		negative	28
52	kufungulia maji		neutral	29
53	mabomba mabovu		negative	30
54	uharibufu wa miundombinu		negative	30
55	kukosekana kwa maji		negative	31
56	uduma mbovu za maji		negative	32
57	huduma mbovu za mawasiliano kwa wateja		negative	32
58	taarifa azitoki za ukataji wa maji		negative	33
59	uduma mbovu za maji		negative	33
60	kukata maji mda mrefu		negative	34
61	usambazaji wa mabomba ya maji mtaani		positive	35
62	tatizo utoaji wa maji		neutral	35
63	kero azisikilizwi za wateja wa uduma za maji		negative	36
64	ukosefu wa taarifa za ukataji maji		neutral	37
65	uduma za maji mbovu bili kubwa		negative	38
66	kuzibua mifumo ya majitaka		neutral	39
67	taarifa hazitoki mapema za ukataji maji		neutral	40
68	mita zinasomwa maji hayatoki		neutral	41
69	shida ya maji		negative	41
70	uduma ya mita haijafika kwa mteja		neutral	42
71	changamoto ya token za umeme		neutral	43
72	socket breka mbovu		neutral	44
73	umeme unazimwa bila kutoa taarifa		neutral	45
74	shida ya umeme		negative	46
75	uharibufu wa vifaa vya umeme		negative	47
76	ukataji wa umeme mara kwa mara		negative	48
77	utoaji wa taarifa mbaya		negative	48
78	shida ya umeme kinyerezi		negative	49
79	taarifa		positive	50
80	ukatajiwa umeme bila kutoa taarifa		negative	51
81	tatizo la ununuaji wa umeme		neutral	52
82	ukataji umeme mara kwa mara		negative	53
83	umeme unaotumika ni mkubwa matumizi madogo		negative	54
84	transforma chache		neutral	55
85	umeme mwingi		positive	56
86	usambazaji wa umeme		positive	57
87	kukatika kwa umeme		negative	58
88	mgao wa umeme		negative	59
89	umeme unawaka pia unakatika		neutral	60
90	kuunganisha umeme		neutral	61
91	shida ya umeme		negative	62
92	token azijapatikana		neutral	63
93	ukosekanaji wa umeme namanga		neutral	64
94	maandamano		negative	65
95	mgao wa umeme		negative	66
96	wakenya awana shida ya umeme		neutral	67
97	faida ni nini		neutral	68
\.


--
-- Data for Name: qa_form_comment; Type: TABLE DATA; Schema: public; Owner: postgres
--

COPY public.qa_form_comment (id, text, general_sentiment, created_at, post_id) FROM stdin;
1	dfdv	neutral	2024-11-17 21:40:30.895348+00	1
2	Mbona skuizi mnakua hivi jamani mtandao kama tupo mtwara kama tunatumia celtel mnatukwaza sana mpaka tunatamani tuvunje simu	negative	2024-11-18 08:32:24.095048+00	2
3	Dar mnapatikana sheklango sehemu gani.	neutral	2024-11-19 08:45:47.807965+00	3
4	Nimefurahi kuwaona nitapita nichukue tiles	positive	2024-11-19 08:45:47.813978+00	3
5	Msalimieni Musa jamen.	positive	2024-11-19 08:45:47.817664+00	3
6	Dar mpo wapi?	neutral	2024-11-19 08:45:47.822246+00	3
7	Mimi nipo singida mjini kama hamtojali ni special plumber kwajili ya kufunga vifaa vya maji ofisini.	neutral	2024-11-19 08:45:47.826664+00	3
8	Vipi lakini mnae special fundi bomba kwaajili ya kufunga vifaa vya ofisi yenu	neutral	2024-11-19 08:45:47.830309+00	3
9	Watoto wangu mpaka huwa wanachoka kula samaki kwa jinsi alivyo mkubwa hata pesa haiumi.	positive	2024-11-19 09:06:52.085874+00	4
10	Huyu alikula wap aslay mihogo mkiwa watatu samk hammaliz.	positive	2024-11-19 09:06:52.092451+00	4
11	Mimnashukuru sijawah kusumbuliwa aslay mihogo ila tu huwa nakosa bafasi nzuri ya kukaa kila nnapoenda pale hiyo ndo kero yangu sijui ununue vibanda vyote pale.	positive	2024-11-19 09:06:52.095872+00	4
12	Coco Beach wote wajanja mishakiki yenyewe utafikili ya panya.	neutral	2024-11-19 09:06:52.101646+00	4
13	Kuna jamaa mmoja anaitwa milly sijui jina lake vizuri uyo mwamba yupo vizuri sana kwenye customer care anakuhudumia mteja mpaka unaisi pesa unayotoa bado ni ndogo uyo jamaa kama itawezekana muongezee mshahara.	positive	2024-11-19 09:06:52.10618+00	4
14	Hawadanganyi but kwenye upande wa wahudum punguza hasa wakike wana dharau sana im tell yu utapoteza watu weng sana tena sana be care.	negative	2024-11-19 09:06:52.116585+00	4
15	ILA MJITAHIDI KUWA NA CUSTOMER NZURII SISI NDO MABOSI ZENU.	negative	2024-11-19 09:06:52.120635+00	4
16	Samaki ata wa dodoma wakubwa mno adi nimefunga.	positive	2024-11-19 09:06:52.122603+00	4
17	Jitahid kutengeneza njiaa madhubuti zaidi za kukabiliana nahao matapeli tofauti na jiyo ya tkutegemea hasa sare.	neutral	2024-11-19 09:06:52.126587+00	4
18	Samaki wenu watamu na mihogo mizuri ila tabia ya kutupostia mishkaki mikubwa inavutia tukija mnatuuzia vishkaki kama vya uchochoroni fungu elfu 10 sijapendq ni kher mtengeneze mishkaki mikubwa inayoeleweka hata 1 buku au buku 2 ,kama mtu anaweza nunua samaki 25 au 30 atashindwa nunua mshkaki wa elfu 2 badilikeni.	positive	2024-11-19 09:06:52.13123+00	4
19	Atakua alikutana na wale wanaovuta wateja...mbna sisi tulienda watatu na tukala samaki had kusaza na ni samak mmoja tu wa 30k.	positive	2024-11-19 09:06:52.136321+00	4
20	Weeh huyu atakuwa alikosea mlango kuna mdada alitupokea vizur alituhudumia tulimfurahia sana na tukamsifia.	positive	2024-11-19 09:06:52.13985+00	4
21	Aweee nilienjoy saana samak wa 30 alooo unakula mpaka unacheka kutafuna  wahudumu wako pw balaaa hiyo itakuwa alikosea njiaaaa.	positive	2024-11-19 09:06:52.142543+00	4
22	Huyu atakua alidakwa na madalali akapelekwa sehemu sio.	positive	2024-11-19 09:06:52.146565+00	4
23	Nyie kila siku tunariport tatizo la maji huku masaki ndogo line ya kibamba lakini hamfanyii kazi mnatoa maji mara moja kwa mwezi	negative	2024-11-19 12:59:10.034938+00	5
24	Korogwe, bucha mtaa wa ebonite kuna shida gani mbona maji hatupati ? Tungepata hayo maji hata kwa week mara 2 ingesaidia kuliko hivi jamani	negative	2024-11-19 12:59:10.046575+00	5
25	maji mnayaachia usiku ubungo yaan mnakuwa kama wageni hamjaleta maji wiki mbili mnakuja kuyaachia j pili usiku hixv kweli mpo kutoa huduma	neutral	2024-11-19 13:06:07.801712+00	6
26	Malamba mawil mtaa wa kwa mapunda hatuna maji week mbili sasa	negative	2024-11-19 13:06:07.808883+00	6
27	dawasa makongo juu tushawachoka embu mje mtufungie maji bhana tushalipia bado mtusbirishe tna miezi tisa kweli	neutral	2024-11-19 13:06:07.813973+00	6
28	HAMNA MAJI UBUNGO SIKU YA TANO HII	negative	2024-11-19 13:20:25.076231+00	7
29	Mtufungulie maji leo jumamosi ubungo makuburi	neutral	2024-11-19 13:20:25.082405+00	7
30	Dawasa kisarawe, upande wa kajiungeni mabomba kupasuka na kuvuja kwenye joints ni change changamoto kubwa mnapoteza maji mengi takimwagika bila bure, pia wanachi tunarekebisha barabara kwakujichanga lakini maji yakiwa yanatoka yanaharibu tena miundombinu tunayotengeneza mfano opposite baa mpya	negative	2024-11-19 13:20:25.08742+00	7
31	Maji Maji Maji tufungulieni, Kimara,Ubungo,Mbezi ya chini na viunga vyake siku tano hamja rudisha hatuna maji twaishije bila maji	negative	2024-11-19 13:20:25.092836+00	7
32	Tunaomba mfungue maji Ukonga\nSasa inakaribia wiki ya pili maji hayatoki na namba zenu hampokei zingine hazipatikani	negative	2024-11-19 13:20:25.096847+00	7
33	Dawasa mnakata maji na hamatoi taarifa Kwanini lakini wiki ya pili hii hatuna maji na joto ili jamani  tunawaomben mtufungulie jamani	negative	2024-11-19 13:20:25.112525+00	7
34	hatuna maji week inaenda ya pili kimara temboni . Hivi inakuaje mnakata maji mda mrefu kiasi hiki?	negative	2024-11-19 13:20:25.119354+00	7
35	Kuweka mabomba kweli yanawekwa hongereni ila hayo maji kutoka sasa mtihani	positive	2024-11-19 13:23:12.089127+00	8
36	yani kilio chetu hamsikii wala hamuoni au mnahisi ndio riwaya za mamantilie	negative	2024-11-19 13:27:30.410262+00	9
37	Hamtupi taarifa ya maji kutoka kwann mwafungua Maji usiku wa manane	neutral	2024-11-19 13:38:37.193197+00	10
38	Mita mnasoma mnatupa ma unit makubwa maji hamna kama kwetu yaani maji tangu bili ya mwezi uliopita hadi inakaribia bili ya mwezi huu maji yamepatikana kama wiki kwa siku za kuunga unga ila tutaletewa unit 50 ndio zimeenda	negative	2024-11-19 13:38:37.199236+00	10
39	Hebu tuzibulieni mifumonya majitaka mitaa ya njia tano mikocheni	neutral	2024-11-19 13:38:37.203472+00	10
40	Mngekuwaga mnatoa taharifa ya kukatiwa maji mapema kama iv mngekuwa mnafanya jambo la maana sana	neutral	2024-11-19 13:38:37.207858+00	10
41	Kusoma mita tu, maji kutoka aaaah   hebu tufungulieni maji kwanza jaman. Hivi mnajisikiaje mnaeleta bili wakati maji kutoka shida jumaa aweso samahani wananchi tunahitaji maji zaidi	neutral	2024-11-19 13:38:37.210681+00	10
42	MIMI BADO MFUMO WA MABORESHO HAUJANIFIKIA KWENYE MITA YANGU.	neutral	2024-11-19 13:47:44.953782+00	11
43	KILA NIKINUNUA UMEME NAPATA TOKEN 1 TU. \n\nJE, NIFANYEJE KUBORESHA/KUPATA TOKEN 3	neutral	2024-11-19 13:47:44.958463+00	11
44	Jamani mtubadilishie hiyo socket breka inayotrip kila siku mtaa wa mafia na swahili ,Kariakoo. Biashara huko inakufa kuanzia mwezi wa kumi hadi leo hakuna marekebisho.	neutral	2024-11-19 13:47:44.960686+00	11
45	mtuambie sasa kwa taarifa kwanini umeme unakatika katika Siku ya tatu leo umeme unakatika bila taarifa yeyote kutoka kwenu	neutral	2024-11-19 13:53:27.224761+00	12
46	Wilaya kigamboni kata ya vijibweni mnashida gani maana haiwezi kuisha siku bila ya kukata umeme ona sasa baadhi ya nyumba upo zingine hakuna pia umeme ni mdogo mnahatarisha vitu kuharibika mnashida gan?	negative	2024-11-19 13:53:27.232544+00	12
47	Tanesco naongea kwa uchungu mnatuharibia vitu vyetu inauma afu inakera sana halafu na wengine tunatumia PC pasi unafanya kazi ya muhimu cha ajabu mnakata umeme na kurudisha muda huo huo inauma na inakera sana	negative	2024-11-19 14:04:39.172776+00	13
48	Sasa mbona Sinza toka kumekucha mnakata umeme na siku ya jana tumeshinda bila ya umeme na taarifa hakuna hii ni haki Kweli?	negative	2024-11-19 14:04:39.183222+00	13
49	Kinyerezi toka saa tatu asubuhi mpaka mida hii hakuna umeme na tangazo hili halijataja kukosekana umeme pande hizo, hii imekaaje	negative	2024-11-19 14:04:39.19621+00	13
50	Ahsanteeee Tanesco Kwa Taarifa Yenu Ya Kukata Umeme	positive	2024-11-19 14:04:39.201242+00	13
51	Nyie wazenge mnakata umeme bila taarifa asubuhii asubuhii ndo nini, achenii uhunii bas, mnafanya kazi kifala sana manina niokoo zenuu..\nKampuni sio ya baba enu kenge nyie..\nMnakata tu umeme Asubuhii mpaka jioni bila taarifa sasa si upumbavu huoo, achenii upuuzi bas mnakera mbwa	negative	2024-11-19 14:32:39.659264+00	14
52	kuna tatizo kwenye kununua umeme kwanini hamtoi hata taarifa .	neutral	2024-11-19 14:32:39.667712+00	14
53	Mnaujumu uchumi wa nchi kwa kukata umeme mara kwa mara kama shirika limewashida mbinafsishe tu ili wananchi tupate huduma ya uhakika.	negative	2024-11-19 14:32:39.670121+00	14
54	Kwanini mita zenu zina kula luku sana? Sijanunua tv sina redio nina vyumba viwili tu umeme nimeweka sasa mwezi karibia na nusu lakini matumizi.	negative	2024-11-19 14:49:17.10125+00	15
55	Transfoma ndio chache tunaomba ziongezwe huku mtaani	neutral	2024-11-19 14:52:52.006798+00	16
56	Hongereni sana hakika umeme kwa sasa ni mwingi sana	positive	2024-11-19 14:52:52.015845+00	16
57	Hongereni Kwa juhudi MUNGU awabariki, kilichobaki ni kusambaza umeme kote nchini Kwa Kila Kijiji Ili nchi na wananchi wake wanufaike kabla hamjaanza kuuza umeme nchi jirani, vilevile nakumbuka walisema bei ya kununua luku itashuka na kuwa 1unit Kwa 50tsh	positive	2024-11-19 14:52:52.023497+00	16
58	Naishi PWANI  BAGAMOY, KEREGE, MANOF. Eneo tunaloishi tuna tatizo la kukatika  katika Kwa umeme Kila siku kuanzia Saa 1 usiku hadi Saa 5 usiku. miezi 8 imepita, timeshapiga tanesco emergency mara Kwa mara hatujtatuliwa tatizo naTanesco BGMYO tukaambiwa watafnyia kazi lakini bado	negative	2024-11-19 15:22:05.705539+00	17
59	Naomba niwaambie enyi Tanesco,  kuna shida ya kukatika kwa umeme katika wilaya Mbogwe Mkoa wa Geita kat ya Lulembela  kila siku ya Mungu, kama sisi siyo walipa kodi wa nchi hii tuambieni tujue na kama kuna mgao wa umeme tuambie au mpaka tuandamane ndo mjue tumechoka?.	negative	2024-11-19 15:22:05.712339+00	17
60	sijui kuna shida gani huku kimara stop over umeme unakuja na kukata	neutral	2024-11-19 15:22:05.715236+00	17
61	Unganisheni na tabata basi maana siku hizi kuanzia saa 3 usiku wanakata umeme hadi sa 4 kasoro wanarudisha	neutral	2024-11-19 15:22:05.718404+00	17
62	Tanesco tz ni kama hamjali  tumekaa wiki mbili bila umeme kila tukipiga simu huduma kwa wateja tunaambiwa mafundi watatufikia na hamna fundi aliefika wiki ya pili sasa.. tumefika ofisin kwenu bado mnatuambia tusubiri mafundi waje  Hapa mnaangaza maisha yetu au mnaangamiza	negative	2024-11-19 15:22:05.721501+00	17
63	Habari \n@tanescoyetutz\n nimenunua luku ya 3000 mita namba 24239141856 lakn sijapata token	neutral	2024-11-19 15:22:05.728178+00	17
64	Taneso shida nn, umeme Namanga hamna tangu asubuhi	neutral	2024-11-19 15:22:05.73155+00	17
65	Tanesco tumechoka kulala giza kila siku tutaandamana sasa maana tumechoka.	negative	2024-11-19 15:22:05.734229+00	17
66	Kama kuna mgao wa umeme si mtangaze, acheni kutesa watu	negative	2024-11-19 15:22:05.737359+00	17
67	ni nani anauza na ni nani ananunua kenya hawana tabu ya umeme unaweza kaa nairobi mwakaa umeme unakatika siku moja tu	neutral	2024-11-19 15:22:05.74196+00	17
68	Faida zake ni zipi tafadhali	neutral	2024-11-19 15:22:05.744186+00	17
\.


--
-- Data for Name: qa_form_post; Type: TABLE DATA; Schema: public; Owner: postgres
--

COPY public.qa_form_post (id, caption, created_at, source_id, user_id) FROM stdin;
1	sample post caption	2024-11-17 21:40:30.886405+00	1	1
2	Usalama wa fedha na ulinzi wa taarifa za wanavikundi umezingatiwa kwa viwango vya juu na kwa kutumia teknolojia za kisasa.\n\nEndelea kufurahia M-Koba, Huduma rahisi na ya uhakika kwa vikundi Tanzania.\n\n#MkobaNdioHabariyaVikundi\n#PesaniMpesa	2024-11-18 08:32:24.077507+00	2	6
3	Karibuni @najelbuilders Singida ujipatie vifaa mbalimbali vya ujenzi ngazi ya Finishing kama Tiles, rangi, masinki ya chooni na kunawia, masinki ya jikoni, Antifungus Wallputty, na Decor mbalimbali.\nTunapatikana Singida Mjini, barabara ya kwenda Arusha kwenye mataa karibu na TRA.\nTupigie au tutumie whatsapp 0719 870 850.	2024-11-19 08:45:47.801378+00	3	3
4	ello dear Habari zamuda huu napole kwa majukumu !! Aslay mihogo tuna penda kuwakumbusha kuwa kuna watu wamejipanga kuwadanganya wateja wa aslay mihogo nakuwaambia wao Ndiyo aslay mihogo nakuwapa uduma ambayo hairidhishi namwisho wateja hao hutoa lawama kwetu sisi”OMBILETU KWENU TUNAOMBA USIKUBALI KUUDUMIWA NAMTU AMBAE AJAVAA JEZI NYEKUNDU YENYE MAANDISHI YA ASLAY MIHOGO PAMOJA NA LOGO YA NJANO “ASLAY MIHOGO TUNA WAPENDA SANA.	2024-11-19 09:06:52.081085+00	4	3
5	DAWASA\nDAWASA YETU\nTAREHE: 15 NOVEMBA-21 NOVEMBA 2024 | TOLEO NA. 0182\nWAKAZI WA MANGA-HANDENI KUUNGANISHIWA HUDUMA YA MAJISAFI KWA MKOPO\nWaziri wa Maji Mhe. Jumaa Aweso (Mb) ameanza ziara ya siku tano ya kutembelea na kukagua utekelezaji wa miradi ya majisafi inayotekelezwa na Mamlaka ya Majisafi na Usafi wa Mazingira Dar es Salaam (DAWASA) katika Wilaya ya Handeni, Mkoa wa Tanga.\nAkiongea na wananchi wa Kijiji cha Manga Kata ya Mkata Wilayani Handeni, Mhe. Aweso ameielekeza Mamlaka ya Majisafi na Usafi wa Mazingira Dar es Salaam (DAWASA): kuwaunganishia wananchi wa maeneo huduma ya majisafi kwa mkataba wa kulipa kwa mkopo.\n: "Dar es Salaam mliwauganishia wananchi huduma ya majisafi kwa mkataba wa mkopo, sasa kwanini mshindwe huku, hivyo naelekeza hapa Manga muwaunganishie pia wateja ili waanze kunufaika na maji," alisema : Mhe. Aweso.\nAidha amewataka wananchi kuhakikisha wanalipa bili zao za maji kwa wakati ili Serikali iweze kuimarisha utoaji wa huduma kwa ubora na kwa ufanisi.\nNaye Kaimu Afisa Mtendaji Mkuu DAWASA Mhandisi Mkama Bwire amesema amepokea maelezo hayo na kuahidi kuwa Mamlaka itaweka utaratibu mzuri wa kutekeleza agizo hilo kwa wakazi wa Kijiji cha Manga.\nDAWASA MOJA, NGUVU MOJA, KAZI IENDELEE	2024-11-19 12:59:10.015695+00	5	2
6	ANZA WIKI KWA KULIPA ANKARA YAKO YA MAJI\nNdugu Mteja, anza vyema wiki yako kwa kulipia huduma za maji kuepuka usumbufu wa kusitishiwa huduma.\nm-pesa\n*150*00#\ntico\npeta\n*150*01#\nhakopesa\n*150*88#\nT-PESA\n*150*714\nairtel\n*150*88#\nNMB\nBANK\nYONRO\nStanbic Rank\n(absa)\nEcobank\nA	2024-11-19 13:06:07.797163+00	5	2
7	Waziri wa Maji Mhe. Jumaa Aweso (Mb) ameanza ziara ya siku tano ya kutembelea na kukagua utekelezaji wa miradi ya majisafi inayotekelezwa na Mamlaka ya Majisafi na Usafi wa Mazingira Dar es Salaam (DAWASA) katika Wilaya ya Handeni, Mkoa wa Tanga.\n\nAkiongea na wananchi wa Kijiji cha Manga Kata ya Mkata Wilayani Handeni, Mhe. Aweso ameielekeza Mamlaka ya Majisafi na Usafi wa Mazingira Dar es Salaam (DAWASA) kuwaunganishia wananchi wa maeneo huduma ya majisafi kwa mkataba wa kulipa kwa mkopo.\n\n"Dar es Salaam mliwauganishia wananchi huduma ya majisafi kwa mkataba wa mkopo, sasa kwanini mshindwe huku, hivyo naelekeza hapa Manga muwaunganishie pia wateja ili waanze kunufaika na maji," alisema Mhe. Aweso.\n\nAidha amewataka wananchi kuhakikisha wanalipa bili zao za maji kwa wakati ili Serikali iweze kuimarisha utoaji wa huduma kwa ubora na kwa ufanisi.\n\nNaye Kaimu Afisa Mtendaji Mkuu DAWASA Mhandisi Mkama Bwire amesema amepokea maelezo hayo na kuahidi kuwa Mamlaka itaweka utaratibu mzuri wa kutekeleza agizo hilo kwa wakazi wa Kijiji cha Manga.	2024-11-19 13:20:25.06899+00	5	2
8	Mamlaka ya Majisafi na Usafi wa Mazingira Dar es salaam (DAWASA) inaendelea na utekelezaji wa mradi wa kuimarisha huduma ya majisafi katika Mtaa wa Muungano Kata ya Goba, Wilaya ya Ubungo.\n\nAkizungumzia utekelezaji wa mradi huo, Meneja wa Mkoa wa kihuduma DAWASA Mivumoni Ndugu, Gilbert Masawe amewatoa hofu wakazi wa mtaa wa Muungano hususani wa eneo la Marobo kuwa, baada ya kukamilika kwa mradi huu huduma ya maji itaimarika na kila mwananchi atapata Maji ya kutosha.\n\n"Mradi huu unahusisha uchimbaji na ulazaji wa bomba za ukubwa wa inchi 8 kwa umbali wa kilomita 1.5, tunategemea mradi utakamilika mapema wiki ijayo na wananchi wa Marobo watapata huduma bora ya majisafi," ameeleza Ndugu Masawe.\n\nMasawe ameongeza kuwa lengo la mradi huu ni kuongeza msukumo wa maji kwa wananchi ambao walikua wanapata huduma kwa kusuasua na kupelekea Mamlaka kuja na mradi huu unaoenda kuwa suluhisho la kudumu katika eneo la Marobo.\n\nKwa upande wake Afisa Mtendaji wa Mtaa wa Muungano Ndugu Godwin Mangowi, ameishukuru Serikali kupitia DAWASA kwa kuja na mradi huu katika mtaa anaousimamia kwani utajibu changamoto ya muda mrefu ya upatikanaji wa maji eneo la Marobo.\n\n"Shukrani zangu kwa Serikali ya Awamu ya Sita kupitia DAWASA kwa kutekeleza mradi huu muhimu sana katika mtaa wa Muungano, hususani eneo la Marobo, wananchi walikua wanakosa huduma ya maji hadi wiki tatu lakini tunaimani sasa kero hiyo inakwenda kumalizika," ameeleza Ndugu Mangowi.	2024-11-19 13:23:12.08544+00	5	2
9	IJUMAA Kareem\nEnyi Mlioamini! Mmeandikiwa swaumu kama walivyo andikiwa waliokua kabla yenu ili mpate kua wacha Mungu\nSuwrat Al-Baqara, Aya 183	2024-11-19 13:27:30.404754+00	5	2
10	TAARIFA KWA UMMA\nUSOMAJI MITA ZA MAJI DAR NA PWANI KUANZA NOVEMBA 10-15, 2024\nMamlaka ya Majisafi na Usafi wa Mazingira Dar es Salaam (DAWASA) inawataarifu wateja na wananchi katika mikoa ya Dar es Salaam na Pwani, kuwa zoezi la usomaji wa mita za maji utaanza Novemba 10 hadi 15, 2024.\nMamlaka inaomba ushirikiano pindi watoa huduma wa DAWASA watakapopita kutekeleza zoezi hili.\nBaada ya zoezi la usomaji mita kukamilika, Mteja atapokea ujumbe wa kuhakiki usomaji wa mita yake kabla ya bili kutumwa.\nKwa taarifa zaidi wasiliana nasi kituo cha huduma kwa wateja 0800110064 (Bure) na 0735 202 121 (WhatsApp tu)\nImetolewa na Kitengo cha Mawasiliano	2024-11-19 13:38:37.188227+00	5	2
11	Ndugu Mteja tunakukumbusha kufanya Maboresho ya mfumo wa mita za Luku zoezi hili mwisho ni tarehe 24 Novemba 2024\nZimebaki\nSiku\n05\nUSIBAKI NYUMA\nIkiwa tayari ulinunua umeme ukapokea tokeni za maboresho na ukaziingiza kwenye mita yako hautawajibika kufanya hivyo tena.\nKwa mawasiliano zaidi wasiliana nasi kwa 0748550000 au mitandao ya kijamii\nwww.tanesco.co.tz\nMaboreshoLuku Mita YakoTunaKaziNayo	2024-11-19 13:47:44.949907+00	6	2
12	MRADI WA UMEME RUSUMO KUZINDULIWA FEBRUARI 2025\nDkt. Biteko asema umekamilika kwa asilimia 99.9\nAtaja kuongezeka kwa kiasi cha umeme katika Gridi ya Taifa\nAsema asilimia 52 ya umeme nchini inatumika kwa mahitaji ya wanachi\nAtoa wito kwa jamii kuhifadhi mazingira	2024-11-19 13:53:27.221066+00	6	2
13	TAARIFA YA KUKOSEKANA KWA HUDUMA YA UMEME\nMABORESHO KATIKA MIUNDOMBINU YA UMEME MKOA WA KINONDONI KASKAZINI\n04 NOVEMBA 2024\nShirika la umeme Tanzania (TANESCO) linawataarifu wateja wake juu ya matengenezo katika Miundombinu ya Umeme ili kuboresha huduma ya umeme.\nKutokana na Matengenezo hayo Wateja wetu watakosa huduma ya umeme kama ifuatavyo.:\nSIKU, TAREHE NA MUDA\nSIKU: ALHAMISI.\nTAREHE: 14/11/2024.\nMUDA: 03:00Asubuhi- 11:00Jioni.\nLENGO\nKufanya Matengenezo Kinga katika Kituo Cha Kupooza Umeme-Masaki\nMAENEO\nYATAKAYOATHIRIKA\nMtaa wa Mahando, Haile Selasie, Touch Lane, Buzwagi, baadhi ya Maeneo Barabara ya Chole, Ghuba, baadhi ya Maeneo Msasani Road, Morogoro Store, Shoppers Plaza Masaki, baadhi ya Maeneo Mtwara Cresent, Mahando Street, Sea Cliff, Makazi ya Mkuu wa Mkoa, Kijiji cha Onella, Masaki Mwisho, Forest conservation, barabara ya Mwaya na Chole, Bandari quarters, Flat za Nasaco, Kahama Mining, Manzese, Valahala Village, kota za UNDP, Baobao Village, Baadhi Ya Maeneo Uganda Avenue, IFM Flats, Muhimbili University Hostel, Kipepeo Apartments, Alexander Hotel, Kahama Road Masaki, International School of Tanganyika, Mtaa wa Katoke, Mawenzi, Golden Tulip, Coco beach, Mtaa wa Mahenge, Barabara ya Ghuba baadhi ya Maeneo ya Barabara ya Msasani, Oysterbay Hotel, Ubalozi wa Falme za Kiarabu, baadhi ya Maeneo ya Mtaa Mwaya, Mlali, Super Dome, Coral Beach, Msirikali Street,\nShirika linawashukuru wateja wake kwa uvumilivu katika kipindi chote ambacho huduma ya umeme\nitakosekana.\nIMETOLEWA NA:\nOFISI YA UHUSIANO NA HUDUMA KWA WATEJA\nTANESCO MKOA WA KINONDONI KASKAZINI SIMU:0692 768587	2024-11-19 14:04:39.168023+00	6	2
14	TANZANIA NA AGENDA YA NISHATI SAFI YA KUPIKIA KWENYE MKUTANO WA KIMATAIFA WA MABADILIKO YA TABIANCHI COP29\nUjumbe wa Tanzania ukiongozwa na Katibu Mkuu wa wizara ya Nishati Mhandisi Felchesmi Mramba, Mshauri wa Rais wa nishati safi ya kupikia na Maendeleo ya jamii Mhe Angellah Kairuki na wataalamu wengine walipokutana leo na viongozi wa taasisi ya Sustainable Energy for all kujadili namna Tanzania inavyojiimarisha kwenye mikakati na kutafuta mashirikiano kwenye masuala ya nishati safi ya kupikia katika Mkutano wa mabadiliko ya tabianchi wa COP29 ulioanza leo jijini Baku, Azerbaijan\nNishatiCOP29	2024-11-19 14:32:39.639094+00	6	2
15	African Union\nTHE UNITED REPUBLIC OF TANZANIA\nCOP29 Baku Azerbaijan\nAFRICA CLEAN COOKING\nImebaki Siku\nKuhamasisha mabadiliko ya kisera ya kitaifa, kikanda na kimataifa yatakayosaidia kuhamia kwenye matumizi ya nishati safi ya kupikia\nMkutano wa Pembezoni\nKushughulikia Changamoto za Nishati safi ya kupikia Barani Afrika:\nWito kwa Viongozi wa Afrika.\n12 Novemba 2024.\n9:30 Mchana\n11:00 Jioni\nAfrica Pavilion, COP29, Blue Zone, H11	2024-11-19 14:49:17.097134+00	6	2
16	NI MWENDO WA KAZI KAZI MRADI WA JNHPP\nBaadhi ya wafanyakazi katika mradi wa kufua umeme wa Julius Nyerere wakiendelea na kazi katika jengo la mitambo (Power House) ambapo tayari mitambo minne imeshawashwa ambayo kwa ujumla inazalisha megawati 940.\nRufiji\n11 Novemba 2024\nwww.tanesco.co.tz\nTunatekeleza Miradi	2024-11-19 14:52:51.999323+00	6	2
17	TANESCO\nGRIDI ZA UMEME ZA TANZANIA NA KENYA MBIONI KUUNGANISHWA\nMradi wa kituo cha kupoza umeme cha Lemuguru kilichopo Arusha umefikia asilimia 99 ambapo utakapokamilika utaiunganisha Tanzania pamoja na Kenya na kuzipa fursa ya kuuziana umeme\nwww.tanesco.co.tz\nTunateleza Miradi	2024-11-19 15:22:05.701738+00	6	2
\.


--
-- Data for Name: qa_form_source; Type: TABLE DATA; Schema: public; Owner: postgres
--

COPY public.qa_form_source (id, name, created_at, last_used, usage_count) FROM stdin;
1	TESTING_ACC	2024-11-17 21:40:30.880118+00	2024-11-17 21:40:30.880187+00	0
2	VODACOM_INSTAGRAM	2024-11-18 08:32:24.052466+00	2024-11-18 08:32:24.052512+00	0
3	NAJEL BUILDERS	2024-11-19 08:45:47.793057+00	2024-11-19 08:45:47.793117+00	0
4	ASLAY MIHOGO COCOBEACH	2024-11-19 09:06:52.074376+00	2024-11-19 09:06:52.074448+00	0
5	@DAWASA	2024-11-19 12:59:10.000031+00	2024-11-19 13:38:37.182801+00	5
6	@TANESCO_TWITTER	2024-11-19 13:47:44.91952+00	2024-11-19 15:22:05.69521+00	6
\.


--
-- Name: auth_group_id_seq; Type: SEQUENCE SET; Schema: public; Owner: postgres
--

SELECT pg_catalog.setval('public.auth_group_id_seq', 1, false);


--
-- Name: auth_group_permissions_id_seq; Type: SEQUENCE SET; Schema: public; Owner: postgres
--

SELECT pg_catalog.setval('public.auth_group_permissions_id_seq', 1, false);


--
-- Name: auth_permission_id_seq; Type: SEQUENCE SET; Schema: public; Owner: postgres
--

SELECT pg_catalog.setval('public.auth_permission_id_seq', 40, true);


--
-- Name: auth_user_groups_id_seq; Type: SEQUENCE SET; Schema: public; Owner: postgres
--

SELECT pg_catalog.setval('public.auth_user_groups_id_seq', 1, false);


--
-- Name: auth_user_id_seq; Type: SEQUENCE SET; Schema: public; Owner: postgres
--

SELECT pg_catalog.setval('public.auth_user_id_seq', 6, true);


--
-- Name: auth_user_user_permissions_id_seq; Type: SEQUENCE SET; Schema: public; Owner: postgres
--

SELECT pg_catalog.setval('public.auth_user_user_permissions_id_seq', 1, false);


--
-- Name: django_admin_log_id_seq; Type: SEQUENCE SET; Schema: public; Owner: postgres
--

SELECT pg_catalog.setval('public.django_admin_log_id_seq', 1, false);


--
-- Name: django_content_type_id_seq; Type: SEQUENCE SET; Schema: public; Owner: postgres
--

SELECT pg_catalog.setval('public.django_content_type_id_seq', 10, true);


--
-- Name: django_migrations_id_seq; Type: SEQUENCE SET; Schema: public; Owner: postgres
--

SELECT pg_catalog.setval('public.django_migrations_id_seq', 19, true);


--
-- Name: qa_form_aspect_id_seq; Type: SEQUENCE SET; Schema: public; Owner: postgres
--

SELECT pg_catalog.setval('public.qa_form_aspect_id_seq', 97, true);


--
-- Name: qa_form_comment_id_seq; Type: SEQUENCE SET; Schema: public; Owner: postgres
--

SELECT pg_catalog.setval('public.qa_form_comment_id_seq', 68, true);


--
-- Name: qa_form_post_id_seq; Type: SEQUENCE SET; Schema: public; Owner: postgres
--

SELECT pg_catalog.setval('public.qa_form_post_id_seq', 17, true);


--
-- Name: qa_form_source_id_seq; Type: SEQUENCE SET; Schema: public; Owner: postgres
--

SELECT pg_catalog.setval('public.qa_form_source_id_seq', 6, true);


--
-- Name: auth_group auth_group_name_key; Type: CONSTRAINT; Schema: public; Owner: postgres
--

ALTER TABLE ONLY public.auth_group
    ADD CONSTRAINT auth_group_name_key UNIQUE (name);


--
-- Name: auth_group_permissions auth_group_permissions_group_id_permission_id_0cd325b0_uniq; Type: CONSTRAINT; Schema: public; Owner: postgres
--

ALTER TABLE ONLY public.auth_group_permissions
    ADD CONSTRAINT auth_group_permissions_group_id_permission_id_0cd325b0_uniq UNIQUE (group_id, permission_id);


--
-- Name: auth_group_permissions auth_group_permissions_pkey; Type: CONSTRAINT; Schema: public; Owner: postgres
--

ALTER TABLE ONLY public.auth_group_permissions
    ADD CONSTRAINT auth_group_permissions_pkey PRIMARY KEY (id);


--
-- Name: auth_group auth_group_pkey; Type: CONSTRAINT; Schema: public; Owner: postgres
--

ALTER TABLE ONLY public.auth_group
    ADD CONSTRAINT auth_group_pkey PRIMARY KEY (id);


--
-- Name: auth_permission auth_permission_content_type_id_codename_01ab375a_uniq; Type: CONSTRAINT; Schema: public; Owner: postgres
--

ALTER TABLE ONLY public.auth_permission
    ADD CONSTRAINT auth_permission_content_type_id_codename_01ab375a_uniq UNIQUE (content_type_id, codename);


--
-- Name: auth_permission auth_permission_pkey; Type: CONSTRAINT; Schema: public; Owner: postgres
--

ALTER TABLE ONLY public.auth_permission
    ADD CONSTRAINT auth_permission_pkey PRIMARY KEY (id);


--
-- Name: auth_user_groups auth_user_groups_pkey; Type: CONSTRAINT; Schema: public; Owner: postgres
--

ALTER TABLE ONLY public.auth_user_groups
    ADD CONSTRAINT auth_user_groups_pkey PRIMARY KEY (id);


--
-- Name: auth_user_groups auth_user_groups_user_id_group_id_94350c0c_uniq; Type: CONSTRAINT; Schema: public; Owner: postgres
--

ALTER TABLE ONLY public.auth_user_groups
    ADD CONSTRAINT auth_user_groups_user_id_group_id_94350c0c_uniq UNIQUE (user_id, group_id);


--
-- Name: auth_user auth_user_pkey; Type: CONSTRAINT; Schema: public; Owner: postgres
--

ALTER TABLE ONLY public.auth_user
    ADD CONSTRAINT auth_user_pkey PRIMARY KEY (id);


--
-- Name: auth_user_user_permissions auth_user_user_permissions_pkey; Type: CONSTRAINT; Schema: public; Owner: postgres
--

ALTER TABLE ONLY public.auth_user_user_permissions
    ADD CONSTRAINT auth_user_user_permissions_pkey PRIMARY KEY (id);


--
-- Name: auth_user_user_permissions auth_user_user_permissions_user_id_permission_id_14a6b632_uniq; Type: CONSTRAINT; Schema: public; Owner: postgres
--

ALTER TABLE ONLY public.auth_user_user_permissions
    ADD CONSTRAINT auth_user_user_permissions_user_id_permission_id_14a6b632_uniq UNIQUE (user_id, permission_id);


--
-- Name: auth_user auth_user_username_key; Type: CONSTRAINT; Schema: public; Owner: postgres
--

ALTER TABLE ONLY public.auth_user
    ADD CONSTRAINT auth_user_username_key UNIQUE (username);


--
-- Name: django_admin_log django_admin_log_pkey; Type: CONSTRAINT; Schema: public; Owner: postgres
--

ALTER TABLE ONLY public.django_admin_log
    ADD CONSTRAINT django_admin_log_pkey PRIMARY KEY (id);


--
-- Name: django_content_type django_content_type_app_label_model_76bd3d3b_uniq; Type: CONSTRAINT; Schema: public; Owner: postgres
--

ALTER TABLE ONLY public.django_content_type
    ADD CONSTRAINT django_content_type_app_label_model_76bd3d3b_uniq UNIQUE (app_label, model);


--
-- Name: django_content_type django_content_type_pkey; Type: CONSTRAINT; Schema: public; Owner: postgres
--

ALTER TABLE ONLY public.django_content_type
    ADD CONSTRAINT django_content_type_pkey PRIMARY KEY (id);


--
-- Name: django_migrations django_migrations_pkey; Type: CONSTRAINT; Schema: public; Owner: postgres
--

ALTER TABLE ONLY public.django_migrations
    ADD CONSTRAINT django_migrations_pkey PRIMARY KEY (id);


--
-- Name: django_session django_session_pkey; Type: CONSTRAINT; Schema: public; Owner: postgres
--

ALTER TABLE ONLY public.django_session
    ADD CONSTRAINT django_session_pkey PRIMARY KEY (session_key);


--
-- Name: qa_form_aspect qa_form_aspect_pkey; Type: CONSTRAINT; Schema: public; Owner: postgres
--

ALTER TABLE ONLY public.qa_form_aspect
    ADD CONSTRAINT qa_form_aspect_pkey PRIMARY KEY (id);


--
-- Name: qa_form_comment qa_form_comment_pkey; Type: CONSTRAINT; Schema: public; Owner: postgres
--

ALTER TABLE ONLY public.qa_form_comment
    ADD CONSTRAINT qa_form_comment_pkey PRIMARY KEY (id);


--
-- Name: qa_form_post qa_form_post_pkey; Type: CONSTRAINT; Schema: public; Owner: postgres
--

ALTER TABLE ONLY public.qa_form_post
    ADD CONSTRAINT qa_form_post_pkey PRIMARY KEY (id);


--
-- Name: qa_form_source qa_form_source_name_key; Type: CONSTRAINT; Schema: public; Owner: postgres
--

ALTER TABLE ONLY public.qa_form_source
    ADD CONSTRAINT qa_form_source_name_key UNIQUE (name);


--
-- Name: qa_form_source qa_form_source_pkey; Type: CONSTRAINT; Schema: public; Owner: postgres
--

ALTER TABLE ONLY public.qa_form_source
    ADD CONSTRAINT qa_form_source_pkey PRIMARY KEY (id);


--
-- Name: auth_group_name_a6ea08ec_like; Type: INDEX; Schema: public; Owner: postgres
--

CREATE INDEX auth_group_name_a6ea08ec_like ON public.auth_group USING btree (name varchar_pattern_ops);


--
-- Name: auth_group_permissions_group_id_b120cbf9; Type: INDEX; Schema: public; Owner: postgres
--

CREATE INDEX auth_group_permissions_group_id_b120cbf9 ON public.auth_group_permissions USING btree (group_id);


--
-- Name: auth_group_permissions_permission_id_84c5c92e; Type: INDEX; Schema: public; Owner: postgres
--

CREATE INDEX auth_group_permissions_permission_id_84c5c92e ON public.auth_group_permissions USING btree (permission_id);


--
-- Name: auth_permission_content_type_id_2f476e4b; Type: INDEX; Schema: public; Owner: postgres
--

CREATE INDEX auth_permission_content_type_id_2f476e4b ON public.auth_permission USING btree (content_type_id);


--
-- Name: auth_user_groups_group_id_97559544; Type: INDEX; Schema: public; Owner: postgres
--

CREATE INDEX auth_user_groups_group_id_97559544 ON public.auth_user_groups USING btree (group_id);


--
-- Name: auth_user_groups_user_id_6a12ed8b; Type: INDEX; Schema: public; Owner: postgres
--

CREATE INDEX auth_user_groups_user_id_6a12ed8b ON public.auth_user_groups USING btree (user_id);


--
-- Name: auth_user_user_permissions_permission_id_1fbb5f2c; Type: INDEX; Schema: public; Owner: postgres
--

CREATE INDEX auth_user_user_permissions_permission_id_1fbb5f2c ON public.auth_user_user_permissions USING btree (permission_id);


--
-- Name: auth_user_user_permissions_user_id_a95ead1b; Type: INDEX; Schema: public; Owner: postgres
--

CREATE INDEX auth_user_user_permissions_user_id_a95ead1b ON public.auth_user_user_permissions USING btree (user_id);


--
-- Name: auth_user_username_6821ab7c_like; Type: INDEX; Schema: public; Owner: postgres
--

CREATE INDEX auth_user_username_6821ab7c_like ON public.auth_user USING btree (username varchar_pattern_ops);


--
-- Name: django_admin_log_content_type_id_c4bce8eb; Type: INDEX; Schema: public; Owner: postgres
--

CREATE INDEX django_admin_log_content_type_id_c4bce8eb ON public.django_admin_log USING btree (content_type_id);


--
-- Name: django_admin_log_user_id_c564eba6; Type: INDEX; Schema: public; Owner: postgres
--

CREATE INDEX django_admin_log_user_id_c564eba6 ON public.django_admin_log USING btree (user_id);


--
-- Name: django_session_expire_date_a5c62663; Type: INDEX; Schema: public; Owner: postgres
--

CREATE INDEX django_session_expire_date_a5c62663 ON public.django_session USING btree (expire_date);


--
-- Name: django_session_session_key_c0390e0f_like; Type: INDEX; Schema: public; Owner: postgres
--

CREATE INDEX django_session_session_key_c0390e0f_like ON public.django_session USING btree (session_key varchar_pattern_ops);


--
-- Name: qa_form_aspect_comment_id_f71e710f; Type: INDEX; Schema: public; Owner: postgres
--

CREATE INDEX qa_form_aspect_comment_id_f71e710f ON public.qa_form_aspect USING btree (comment_id);


--
-- Name: qa_form_comment_post_id_3f8b907c; Type: INDEX; Schema: public; Owner: postgres
--

CREATE INDEX qa_form_comment_post_id_3f8b907c ON public.qa_form_comment USING btree (post_id);


--
-- Name: qa_form_post_source_id_1db8ddfe; Type: INDEX; Schema: public; Owner: postgres
--

CREATE INDEX qa_form_post_source_id_1db8ddfe ON public.qa_form_post USING btree (source_id);


--
-- Name: qa_form_post_user_id_333421a9; Type: INDEX; Schema: public; Owner: postgres
--

CREATE INDEX qa_form_post_user_id_333421a9 ON public.qa_form_post USING btree (user_id);


--
-- Name: qa_form_source_name_f8b9c12d_like; Type: INDEX; Schema: public; Owner: postgres
--

CREATE INDEX qa_form_source_name_f8b9c12d_like ON public.qa_form_source USING btree (name varchar_pattern_ops);


--
-- Name: auth_group_permissions auth_group_permissio_permission_id_84c5c92e_fk_auth_perm; Type: FK CONSTRAINT; Schema: public; Owner: postgres
--

ALTER TABLE ONLY public.auth_group_permissions
    ADD CONSTRAINT auth_group_permissio_permission_id_84c5c92e_fk_auth_perm FOREIGN KEY (permission_id) REFERENCES public.auth_permission(id) DEFERRABLE INITIALLY DEFERRED;


--
-- Name: auth_group_permissions auth_group_permissions_group_id_b120cbf9_fk_auth_group_id; Type: FK CONSTRAINT; Schema: public; Owner: postgres
--

ALTER TABLE ONLY public.auth_group_permissions
    ADD CONSTRAINT auth_group_permissions_group_id_b120cbf9_fk_auth_group_id FOREIGN KEY (group_id) REFERENCES public.auth_group(id) DEFERRABLE INITIALLY DEFERRED;


--
-- Name: auth_permission auth_permission_content_type_id_2f476e4b_fk_django_co; Type: FK CONSTRAINT; Schema: public; Owner: postgres
--

ALTER TABLE ONLY public.auth_permission
    ADD CONSTRAINT auth_permission_content_type_id_2f476e4b_fk_django_co FOREIGN KEY (content_type_id) REFERENCES public.django_content_type(id) DEFERRABLE INITIALLY DEFERRED;


--
-- Name: auth_user_groups auth_user_groups_group_id_97559544_fk_auth_group_id; Type: FK CONSTRAINT; Schema: public; Owner: postgres
--

ALTER TABLE ONLY public.auth_user_groups
    ADD CONSTRAINT auth_user_groups_group_id_97559544_fk_auth_group_id FOREIGN KEY (group_id) REFERENCES public.auth_group(id) DEFERRABLE INITIALLY DEFERRED;


--
-- Name: auth_user_groups auth_user_groups_user_id_6a12ed8b_fk_auth_user_id; Type: FK CONSTRAINT; Schema: public; Owner: postgres
--

ALTER TABLE ONLY public.auth_user_groups
    ADD CONSTRAINT auth_user_groups_user_id_6a12ed8b_fk_auth_user_id FOREIGN KEY (user_id) REFERENCES public.auth_user(id) DEFERRABLE INITIALLY DEFERRED;


--
-- Name: auth_user_user_permissions auth_user_user_permi_permission_id_1fbb5f2c_fk_auth_perm; Type: FK CONSTRAINT; Schema: public; Owner: postgres
--

ALTER TABLE ONLY public.auth_user_user_permissions
    ADD CONSTRAINT auth_user_user_permi_permission_id_1fbb5f2c_fk_auth_perm FOREIGN KEY (permission_id) REFERENCES public.auth_permission(id) DEFERRABLE INITIALLY DEFERRED;


--
-- Name: auth_user_user_permissions auth_user_user_permissions_user_id_a95ead1b_fk_auth_user_id; Type: FK CONSTRAINT; Schema: public; Owner: postgres
--

ALTER TABLE ONLY public.auth_user_user_permissions
    ADD CONSTRAINT auth_user_user_permissions_user_id_a95ead1b_fk_auth_user_id FOREIGN KEY (user_id) REFERENCES public.auth_user(id) DEFERRABLE INITIALLY DEFERRED;


--
-- Name: django_admin_log django_admin_log_content_type_id_c4bce8eb_fk_django_co; Type: FK CONSTRAINT; Schema: public; Owner: postgres
--

ALTER TABLE ONLY public.django_admin_log
    ADD CONSTRAINT django_admin_log_content_type_id_c4bce8eb_fk_django_co FOREIGN KEY (content_type_id) REFERENCES public.django_content_type(id) DEFERRABLE INITIALLY DEFERRED;


--
-- Name: django_admin_log django_admin_log_user_id_c564eba6_fk_auth_user_id; Type: FK CONSTRAINT; Schema: public; Owner: postgres
--

ALTER TABLE ONLY public.django_admin_log
    ADD CONSTRAINT django_admin_log_user_id_c564eba6_fk_auth_user_id FOREIGN KEY (user_id) REFERENCES public.auth_user(id) DEFERRABLE INITIALLY DEFERRED;


--
-- Name: qa_form_aspect qa_form_aspect_comment_id_f71e710f_fk_qa_form_comment_id; Type: FK CONSTRAINT; Schema: public; Owner: postgres
--

ALTER TABLE ONLY public.qa_form_aspect
    ADD CONSTRAINT qa_form_aspect_comment_id_f71e710f_fk_qa_form_comment_id FOREIGN KEY (comment_id) REFERENCES public.qa_form_comment(id) DEFERRABLE INITIALLY DEFERRED;


--
-- Name: qa_form_comment qa_form_comment_post_id_3f8b907c_fk_qa_form_post_id; Type: FK CONSTRAINT; Schema: public; Owner: postgres
--

ALTER TABLE ONLY public.qa_form_comment
    ADD CONSTRAINT qa_form_comment_post_id_3f8b907c_fk_qa_form_post_id FOREIGN KEY (post_id) REFERENCES public.qa_form_post(id) DEFERRABLE INITIALLY DEFERRED;


--
-- Name: qa_form_post qa_form_post_source_id_1db8ddfe_fk_qa_form_source_id; Type: FK CONSTRAINT; Schema: public; Owner: postgres
--

ALTER TABLE ONLY public.qa_form_post
    ADD CONSTRAINT qa_form_post_source_id_1db8ddfe_fk_qa_form_source_id FOREIGN KEY (source_id) REFERENCES public.qa_form_source(id) DEFERRABLE INITIALLY DEFERRED;


--
-- Name: qa_form_post qa_form_post_user_id_333421a9_fk_auth_user_id; Type: FK CONSTRAINT; Schema: public; Owner: postgres
--

ALTER TABLE ONLY public.qa_form_post
    ADD CONSTRAINT qa_form_post_user_id_333421a9_fk_auth_user_id FOREIGN KEY (user_id) REFERENCES public.auth_user(id) DEFERRABLE INITIALLY DEFERRED;


--
-- PostgreSQL database dump complete
--

